ID;NO_ANGGOTA;TOTAL SIMWA; SALDO SHU ; SALDO PINJAMAN ; SEMBAKO 
1;970523035;9701000;952945;290113672;3318075
2;000103020;33460000;4598166;0;0
3;000103032;15020000;1699642;0;0
4;000114632;9639000;539132;0;0
5;000129632;9625000;574792;1716667;0
6;000129638;9625000;560670;0;0
7;000129644;9625000;589473;0;0
8;000129649;9625000;528821;146666750;0
9;000129654;9625000;634657;407040016;0
10;000201041;9623000;566891;234950000;0
11;000201348;9649000;501875;0;0
12;000201355;9649000;504477;0;0
13;000201640;9625000;502807;46173616;0
14;000201645;9625000;573256;339297772;0
15;000201668;9623000;449569;0;0
16;000201674;9625000;535217;0;0
17;000201692;9625000;637265;51880757;0
18;000201697;9625000;638355;0;0
19;000201702;9625000;452638;0;0
20;000201707;9625000;452638;0;0
21;000207052;9625000;476380;0;0
22;000211643;9625000;688128;56013904;0
23;000211648;9625000;534948;5449972;0
24;000211654;9625000;684417;0;0
25;000211660;9625000;640591;37036715;0
26;000211677;9625000;464959;108020837;0
27;000211680;9625000;572417;574933316;0
28;000211692;9625000;590575;0;0
29;000212034;9637000;503696;178666742;0
30;000214033;9610000;545597;403433322;0
31;000216040;9610000;520446;176000000;0
32;000217031;9937000;525109;0;0
33;000217035;9637000;654496;567466698;0
34;000217036;9637000;480723;0;0
35;000218031;9610000;531902;123699972;0
36;000218660;9625000;453970;148674999;0
37;000218674;9625000;581416;0;0
38;000218684;9625000;572199;0;0
39;000218687;9625000;594240;272650000;0
40;000222037;9610000;482379;0;0
41;000222042;9619000;575838;0;0
42;000222043;9637000;662346;26250000;0
43;000223632;9623000;778444;204800000;0
44;000225037;9610000;629232;381456070;0
45;000228035;13111000;497430;0;0
46;000301337;9647000;497615;0;0
47;000301347;9647000;497615;0;0
48;000301351;9647000;550487;0;0
49;000301655;9623000;500814;17795000;0
50;000301657;9623000;458235;60666680;0
51;000301668;9633000;624954;219111100;0
52;000301683;9623000;566071;0;0
53;000301685;9619000;444193;0;0
54;000313039;9610000;506848;40280000;0
55;000313635;9623000;456189;0;0
56;000313652;9623000;608495;401887938;0
57;000313653;9623000;528397;0;0
58;000313656;9623000;450775;28708318;0
59;000313657;9623000;455493;0;0
60;000313669;9623000;618683;26795820;0
61;000313677;9623000;449569;0;0
62;000313681;9623000;458712;0;0
63;000401032;9617000;548658;0;0
64;000401340;9645000;661434;15458318;0
65;000401344;9645000;597449;0;0
66;000401632;15005000;1504220;62900000;0
67;000401635;9623000;480925;28708318;0
68;000401646;9621000;580708;0;0
69;000401653;9621000;446501;0;0
70;000410032;18380000;818043;0;0
71;000419631;15000000;1486783;19680592;0
72;000501632;16260000;1131933;0;0
73;000501637;9631000;631622;174569738;0
74;000501641;9619000;626129;170479156;0
75;000501646;9631000;465337;0;0
76;000501647;9619000;478052;0;0
77;000501661;9629000;707774;531090706;0
78;000501669;9619000;443432;32655440;0
79;000503001;14195000;526490;0;0
80;000509332;9643000;607840;0;0
81;000509334;9643000;652045;214728900;0
82;000509335;9643000;595613;0;0
83;000512635;9914000;442622;0;0
84;000512639;9627000;460021;0;0
85;000512641;9633000;673200;55208326;0
86;000512654;9619000;522295;0;0
87;000512660;9619000;661360;10597256;0
88;000601034;9615000;561681;35333320;0
89;000601634;9617000;440364;0;0
90;000601641;9617000;654849;152533248;0
91;000601644;9627000;476906;0;0
92;000601654;9629000;489934;546186698;0
93;000606334;9641000;583551;0;0
94;000607332;9641000;531402;96176686;0
95;000607341;9641000;510629;0;0
96;000607346;9641000;626603;0;0
97;000620032;9627000;613050;0;0
98;000629035;9615000;560046;41958322;0
99;000701637;9625000;471492;0;0
100;000701643;9615000;450659;9325564;0
101;000701657;9627000;487916;0;0
102;000701659;9627000;455309;0;0
103;000701661;9615000;455163;33066704;0
104;000701664;9615000;611723;41958322;0
105;000701677;9615000;546338;170666744;0
106;000701681;9615000;546132;211213904;0
107;000701694;9615000;555521;125166644;0
108;000701698;9615000;450993;130346724;0
109;000701706;9615000;437297;0;0
110;000703001;30085000;1294116;0;0
111;000703331;9639000;484362;0;0
112;000707034;9610000;608107;0;0
113;000711331;9639000;558139;0;0
114;000712635;9627000;455309;0;0
115;000712641;9627000;495313;9937487;0
116;000712642;9627000;508098;3100015;0
117;000712644;9615000;468654;130666754;0
118;000717001;14195000;537980;0;0
119;000718031;9625000;551474;313266678;0
120;000718032;9610000;642726;82200081;0
121;000718033;9610000;435594;0;0
122;000801634;9610000;429625;0;0
123;000801635;9610000;463802;0;0
124;000801649;9610000;448289;48400006;0
125;000801657;9625000;566239;83866740;0
126;000801660;9610000;432273;0;0
127;000801661;9610000;429625;501226678;0
128;000801662;9625000;601291;35308298;0
129;000801663;9610000;438060;0;0
130;000801688;9623000;451104;0;0
131;000801703;9610000;459285;9274999;0
132;000801708;9610000;775945;278080000;0
133;000807033;9605000;420714;41958322;0
134;000807036;9605000;424870;48444432;0
135;000815331;9637000;789193;141555506;0
136;000821031;9485000;429992;47733309;0
137;000901654;9605000;491261;250666724;0
138;000901655;9605000;427653;300800000;0
139;000901665;9605000;476454;85333337;0
140;000901682;9623000;450947;0;0
141;000901709;9600000;445345;35333320;0
142;000905031;9605000;537135;0;0
143;000906035;9600000;460268;48583324;0
144;000912031;9621000;455278;70148270;0
145;000913031;9600000;501464;0;0
146;001001633;9621000;500437;7933311;0
147;001001637;9623000;662808;161924987;0
148;001001639;9590000;404877;16783322;0
149;001001642;9627000;472793;5520827;0
150;001001662;9600000;547968;161333250;0
151;001001668;9600000;409170;0;0
152;001001698;9595000;447305;139022236;0
153;001001708;9600000;414000;0;0
154;001001718;9600000;587349;9450000;0
155;001001722;9600000;409170;0;0
156;001001724;9600000;477903;0;0
157;001001727;9600000;498617;0;0
158;001001728;9600000;478740;32122834;0
159;001001733;9570000;573966;261466692;0
160;001001745;9600000;453576;0;0
161;001001747;9600000;409170;0;0
162;001001751;9621000;507637;21200008;0
163;001001756;9600000;451915;34125000;0
164;001001760;9600000;417188;0;0
165;001002031;26170000;671084;0;0
166;001006032;9580000;625544;48962686;0
167;001006034;9619000;666344;98254057;0
168;001024031;9619000;509843;267644428;0
169;001101634;9621000;582064;0;0
170;001101643;9590000;517253;0;0
171;001101644;9621000;450977;0;0
172;001101646;9621000;519498;24244500;0
173;001101670;9595000;534292;0;0
174;001101677;9595000;560431;84171744;0
175;001101682;9595000;412765;0;0
176;001101694;9595000;403441;7560000;0
177;001101706;9617000;447486;15458318;0
178;001110035;9619000;571349;70986688;0
179;001114633;9621000;624289;21799984;0
180;001127031;9567000;457056;0;0
181;001128033;9595000;411370;36166694;0
182;001201640;9590000;590691;204800000;0
183;001201647;9617000;539669;0;0
184;001212036;9619000;658750;4624969;0
185;010102003;20275000;2111926;672388872;0
186;010104001;32370000;2921212;0;0
187;010106001;14210000;663827;0;0
188;010112646;9621000;446105;0;0
189;010112653;9615000;444286;0;0
190;010112675;9585000;518978;268800000;0
191;010112676;9585000;509291;47483252;0
192;010112686;9585000;534396;105938326;0
193;010112690;9585000;388632;0;0
194;010117031;9510000;299069;0;0
195;010118639;9585000;425540;65591722;0
196;010118640;9585000;498049;20588880;0
197;010118659;9585000;488280;45270831;0
198;010129037;9580000;576767;87558314;0
199;010201337;9625000;471517;68200000;0
200;010201632;9560000;535372;225866522;0
201;010201650;9610000;547768;8662500;0
202;010201654;9580000;373373;240500000;0
203;010201679;9570000;468553;19408322;0
204;010201687;9570000;388818;0;0
205;010201705;9580000;385278;28266680;0
206;010201707;9585000;441960;5520827;0
207;010301002;14195000;524375;0;0
208;010301633;9605000;583939;352820035;0
209;010301640;14200000;592385;442666676;0
210;010301656;9575000;450831;0;0
211;010301657;12525000;198347;0;0
212;010301682;9575000;505547;180880000;0
213;010301683;9575000;427706;0;0
214;010301688;9575000;718051;243270048;0
215;010301689;9575000;460972;87969917;0
216;010308031;16045000;528241;0;0
217;010312631;9575000;413563;25523294;0
218;010401012;11255000;464394;0;0
219;010401018;12200000;621868;0;0
220;010401637;9600000;613326;35750000;0
221;010401638;9600000;459147;170666744;0
222;010401639;9570000;363838;0;0
223;010401658;9570000;363176;0;0
224;010401662;9570000;477031;0;0
225;010401669;9570000;383281;0;0
226;010401679;9570000;407751;25025000;0
227;010423001;9365000;241715;49875000;0
228;010501633;9610000;527004;130666754;0
229;010501640;9565000;358031;0;0
230;010501644;9560000;518088;410346682;0
231;010501646;9560000;454468;0;0
232;010501659;9565000;357960;0;0
233;010501666;9565000;376928;10710000;0
234;010501677;9565000;498339;0;0
235;010503332;9619000;571657;0;0
236;010515033;9495000;629119;171573262;0
237;010516001;14955000;965684;0;0
238;010601001;30960000;4453313;0;0
239;010601003;18135000;1262065;0;0
240;010601632;9560000;426074;22083320;0
241;010601654;9560000;352921;0;0
242;010620032;9500000;314487;52601415;0
243;010625631;9590000;393268;530133328;0
244;010701647;9585000;378487;0;0
245;010701662;9555000;347806;354666698;0
246;010701664;9555000;367665;22083316;0
247;010701665;9555000;353607;48444432;0
248;010701669;9555000;353414;492800000;0
249;010704032;9580000;379173;0;0
250;010712647;9585000;384700;45270831;0
251;010723032;13505000;330204;0;0
252;010801333;9610000;440574;0;0
253;010801343;9610000;595183;183583430;0
254;010801345;9615000;476519;0;0
255;010801660;9550000;524428;101621663;0
256;010801666;9550000;446729;0;0
257;010801669;9550000;495097;470236714;0
258;010801671;9550000;365971;0;0
259;010806031;9540000;329751;0;0
260;010808031;9500000;399282;325920000;0
261;010828032;9545000;353449;217458409;0
262;010901632;9585000;383306;38866672;0
263;010901638;9545000;373087;46026371;0
264;010901655;9545000;380493;40969972;0
265;010901661;9545000;338482;0;0
266;010901677;9545000;342325;0;0
267;011001635;9540000;378636;46844449;0
268;011001646;9535000;343406;0;0
269;011001657;9570000;369520;400213288;0
270;011001658;9535000;435434;236800000;0
271;011001661;9095000;371486;339200000;0
272;011001668;9535000;334868;0;0
273;011001669;9535000;381233;74666768;0
274;011001674;9560000;512446;56013904;0
275;011001704;9540000;367967;0;0
276;011002335;9600000;587577;3533336;0
277;011008001;17945000;534470;0;0
278;011008033;9540000;444765;552533312;0
279;011011035;9540000;456084;469900000;0
280;011012637;9570000;461979;429333290;0
281;011012641;9570000;417287;0;0
282;011012654;9535000;332772;251733292;0
283;011012660;9535000;361677;0;0
284;011012666;9570000;473300;0;0
285;011012687;9570000;429940;0;0
286;011012689;9570000;456479;70950000;0
287;011012710;9570000;464347;0;0
288;011012714;9540000;406894;105400000;0
289;011012716;9540000;446237;0;0
290;011101637;9535000;356092;310246694;0
291;011101638;9535000;323279;0;0
292;011101651;9565000;481544;161333250;0
293;011101663;9565000;358274;0;0
294;011102032;9500000;299845;5250000;0
295;011116340;9500000;390266;0;0
296;020101332;18705000;1119255;0;0
297;020107004;14195000;522834;0;0
298;020116001;19865000;3900948;2311448940;0
299;020123036;9520000;525083;233600000;0
300;020201042;9520000;525388;86899908;0
301;020201337;9580000;469239;631466688;0
302;020201342;9580000;409997;0;0
303;020201632;9520000;316589;0;0
304;020201636;9525000;434031;203977761;0
305;020201640;9520000;314380;0;0
306;020201643;9520000;373259;224466702;0
307;020201647;9520000;306579;0;0
308;020201648;9520000;319579;0;0
309;020201654;9520000;306579;0;0
310;020201655;9520000;470994;204984048;0
311;020201656;9520000;501055;68200000;0
312;020201681;9515000;316591;4416673;0
313;020201690;9550000;581125;397224334;0
314;020218037;9520000;317094;0;0
315;020301668;9545000;416287;132358314;0
316;020301671;9545000;337574;0;0
317;020301674;9545000;338295;11748322;0
318;020306003;9520000;470033;145103326;0
319;020325031;9515000;341728;67666676;0
320;020325032;9515000;308627;0;0
321;020325033;9510000;377862;131466700;0
322;020325038;9485000;458943;532000000;0
323;020326033;9515000;422980;35333320;0
324;020327031;9515000;314962;0;0
325;020401632;13510000;372476;0;0
326;020401633;9540000;610866;279915618;0
327;020401651;9535000;325989;0;0
328;020401652;9535000;323279;0;0
329;020401655;9535000;323279;0;0
330;020401659;9545000;342569;178833276;0
331;020409333;9570000;484334;0;0
332;020412032;9510000;303246;0;0
333;020418031;9510000;335920;59788880;0
334;020423033;9510000;306276;0;0
335;020501331;9565000;431931;138420813;0
336;020501642;9535000;327406;116611694;0
337;020503036;9505000;423318;19680592;0
338;020514032;9505000;295312;0;0
339;020515032;9505000;298380;4624969;0
340;020601031;9500000;391568;325111120;0
341;020601032;9500000;363954;230293298;0
342;020601647;9530000;385040;111831574;0
343;020601744;9545000;447276;125619459;0
344;020610032;9500000;414042;19155549;0
345;020620031;9500000;291159;13882731;0
346;020701639;9525000;317870;5449972;0
347;020701640;9520000;446145;434376671;0
348;020701674;9520000;436300;60666680;0
349;020701678;9535000;342124;0;0
350;020709032;9495000;405036;176783982;0
351;020710031;9495000;287801;0;0
352;020711031;9395000;327233;435200000;0
353;020715031;9495000;416326;15744408;0
354;020723031;9495000;346096;0;0
355;020726033;9495000;287801;0;0
356;020726037;9495000;497809;49201380;0
357;020729031;9495000;430155;0;0
358;020730031;9495000;291192;0;0
359;020801004;30060000;1823143;643750000;0
360;020801005;28590000;831590;0;0
361;020801644;9525000;310510;0;0
362;020801659;9510000;416456;116744438;0
363;020801668;9520000;312845;0;0
364;020802032;9490000;406545;374039846;0
365;020802036;9490000;418300;79601772;0
366;020812035;9490000;337314;538473316;0
367;020816031;9490000;324662;155166692;0
368;020902042;9485000;295872;0;0
369;020902331;30055000;1293394;0;0
370;020905036;9485000;298990;5225000;0
371;020905046;9485000;381094;473600000;0
372;020909021;32285000;2648983;0;0
373;020909631;14675000;856551;0;0
374;020912031;9485000;288271;30041670;0
375;020913033;9485000;442553;131466700;0
376;021004036;9480000;402394;248443196;0
377;021015631;14635000;951383;245505512;0
378;021028631;9525000;469422;99844532;0
379;030201636;9505000;412837;28708318;0
380;030203334;9520000;324040;0;0
381;030226032;9490000;328719;0;0
382;030313033;9455000;276812;0;0
383;030317001;14195000;604437;0;0
384;030401339;27790000;685892;0;0
385;030414001;21695000;651467;831111064;0
386;030602003;14195000;522834;0;0
387;030602332;9500000;394240;22166742;0
388;040301005;14150000;510803;0;0
389;040401336;9450000;306101;111000000;0
390;040601002;9610000;444422;363533316;0
391;040701032;9435000;343230;315429772;0
392;040802006;14195000;549799;0;0
393;040901031;9425000;239476;0;0
394;040901040;9425000;433885;6562500;0
395;040901043;9425000;236520;3312493;0
396;040901057;9425000;252230;26499992;0
397;040901061;9425000;292241;0;0
398;041001032;9420000;239349;0;0
399;041004002;18225000;609733;0;0
400;041015031;11255000;449823;682133358;0
401;050201007;14300000;782186;885333324;0
402;050301034;9395000;315585;304533274;0
403;050307003;14195000;556025;0;0
404;050401035;9390000;299902;0;0
405;050401331;9390000;304117;49466658;0
406;050418002;14255000;564642;0;0
407;050501005;14240000;613877;0;0
408;050601001;15940000;811528;431629985;0
409;050801017;14120000;578205;0;0
410;050803002;30960000;1718920;0;0
411;050901006;9365000;194520;0;0
412;060801010;30160000;1258029;0;0
413;060801016;13820000;395849;173124998;0
414;061120001;15700000;427928;707946520;0
415;061201016;18050000;709428;0;0
416;070101076;9270000;139690;0;0
417;070101078;9270000;178604;176800000;0
418;070201019;9270000;214905;0;0
419;070201093;29960000;1157671;0;0
420;070301029;9270000;154599;204967770;0
421;070401035;9265000;144237;0;0
422;070401036;9265000;169471;530133328;0
423;070404001;17995000;358032;0;0
424;070701022;9250000;135083;105777808;0
425;070723002;9220000;155295;3300000;0
426;070912001;15520000;325127;49583337;0
427;071201001;9220000;171224;195299984;0
428;071206002;29460000;938311;703000000;0
429;080303004;14630000;279138;0;0
430;080317001;13670000;262202;0;0
431;080401050;9205000;198588;0;0
432;080501032;9200000;158956;15458318;0
433;080502001;18200000;768753;72116731;0
434;080609001;29210000;832691;0;0
435;080616001;22740000;276333;781583310;0
436;080709001;29160000;824487;0;0
437;080801049;9180000;111548;605548;0
438;080801053;14540000;244702;51472240;0
439;081001018;9175000;109380;0;0
440;081021001;13610000;394034;305768892;0
441;081101010;9170000;168315;123488901;0
442;090101032;9120000;77620;128444428;0
443;090211001;14465000;216487;0;0
444;090701008;11480000;182198;0;0
445;090706001;13415000;193155;0;0
446;090707001;9135000;191242;277666630;0
447;090712001;14690000;193155;0;0
448;090901044;9120000;84641;535893318;0
449;090901045;9120000;77700;25200000;0
450;090901046;9120000;93298;0;0
451;090901048;9120000;88664;0;0
452;091001028;9110000;77528;0;0
453;091101119;9110000;209381;165108320;0
454;091102003;24175000;494001;0;0
455;100101081;13400000;169176;0;0
456;100125001;27820000;402631;0;0
457;100201069;9095000;94288;338131162;0
458;100201087;9095000;65241;0;0
459;100215002;27980000;713116;874529208;0
460;100222003;13315000;143855;0;0
461;100301084;8990000;140266;223061104;0
462;100301100;9090000;64253;0;0
463;100301114;27980000;442275;0;0
464;100315001;27980000;712541;1049366675;0
465;100622002;16900000;142508;0;0
466;100701071;9060000;74564;43066726;0
467;100801085;9050000;54091;0;0
468;100802002;9050000;59089;0;0
469;100901096;11940000;55344;0;0
470;110302002;13015000;82826;1816652;0
471;110314002;13015000;82886;0;0
472;110509001;22260000;108950;0;0
473;110509005;12915000;76031;207928860;0
474;110613002;16215000;65508;0;0
475;110613003;12915000;65508;0;0
476;110703003;12990000;87613;227550000;0
477;110715001;26620000;185405;0;0
478;110720001;13765000;94507;37544424;0
479;110725001;26540000;177197;0;0
480;110801044;15515000;62429;0;0
481;110808001;26540000;177197;0;0
482;110816002;13765000;62429;0;0
483;110905004;12840000;57811;0;0
484;110905005;12840000;69764;188586704;0
485;110907003;13740000;82888;269955835;0
486;110912001;16800000;90995;0;0
487;111003002;26460000;169501;0;0
488;120102002;12720000;44887;0;0
489;120102009;16665000;84526;675250000;0
490;120201056;26100000;128247;0;0
491;120201064;13020000;45499;0;0
492;120301053;12685000;43961;0;0
493;120314001;12685000;43961;0;0
494;120319002;16500000;62265;191100140;0
495;120319003;12650000;40370;0;0
496;120402003;12650000;41961;0;0
497;120409001;15550000;42243;34125000;0
498;120409003;17200000;62265;0;0
499;120507002;12615000;51589;292409442;0
500;120702001;15745000;27543;0;0
501;120716001;12545000;27543;51666708;0
502;120801094;12510000;25194;46930576;0
503;120801096;12510000;25194;112850000;0
504;120903006;16225000;32966;0;0
505;120903007;25130000;46057;0;0
506;121001704;8755000;12175;0;0
507;121001707;8755000;11804;17666684;0
508;121001709;8755000;11804;0;0
509;121001744;8755000;11804;0;0
510;121001747;8755000;11804;0;0
511;121001751;8755000;12722;190257768;0
512;121001752;8755000;11804;0;0
513;121001753;8755000;13010;42670815;0
514;121001754;8755000;11804;46173616;0
515;121001757;8755000;12767;62314167;0
516;121001763;8755000;11804;0;0
517;121001764;8755000;11804;5149997;0
518;121001773;8755000;11804;17200000;0
519;121001810;8755000;11804;46374994;0
520;121001814;8755000;11804;29166698;0
521;121001816;8755000;11804;253586680;0
522;121001817;8755000;11804;22405512;0
523;121001818;8755000;11804;0;0
524;121001819;8755000;11804;152030578;0
525;121001820;8755000;11804;54544441;0
526;121001821;8755000;12785;134847230;0
527;121001830;8755000;11804;0;0
528;121001832;8755000;11804;129445530;0
529;121001834;8755000;11804;0;0
530;121001839;8755000;11804;0;0
531;121001841;8755000;11804;23253308;0
532;121001842;8755000;11804;0;0
533;121001844;8755000;11804;12180000;0
534;121001845;8755000;11804;0;0
535;121001850;8755000;11804;0;0
536;121001851;8755000;12767;2650007;0
537;121001853;8755000;13678;0;0
538;121001860;8755000;11804;33600000;0
539;121101083;8725000;9696;0;0
540;121101085;8725000;9696;5300000;0
541;121101090;8725000;13730;160782232;0
542;121101091;8725000;9696;4416673;0
543;121101093;8725000;9696;173638892;0
544;121101097;8725000;9696;0;0
545;121101105;8725000;10677;224178912;0
546;121101106;8725000;9696;0;0
547;121101109;8725000;9696;0;0
548;121101110;8725000;9696;26250000;0
549;121101116;8725000;9696;164427770;0
550;121101118;8725000;9696;124666702;0
551;121101123;8725000;9696;187387367;0
552;121101127;8725000;9696;129625000;0
553;121101130;8725000;10677;0;0
554;121101133;8725000;9696;36166694;0
555;121101141;8725000;9696;0;0
556;121101144;8725000;9696;0;0
557;121101145;8725000;9696;66791144;0
558;121101152;8725000;9696;0;0
559;121101158;8725000;9696;15500000;0
560;121101159;8725000;9696;9716667;0
561;121101163;8725000;9906;71422182;0
562;121101165;8725000;9939;29013272;0
563;121101166;8725000;9696;0;0
564;121101169;8725000;9880;0;0
565;121101171;8725000;9696;0;0
566;121101172;8725000;9696;0;0
567;121101177;8725000;9696;16783322;0
568;121101178;8725000;9696;0;0
569;121101179;8725000;9696;111066706;0
570;121101186;8725000;9696;0;0
571;121101189;8725000;9696;0;0
572;121101195;8725000;9696;120951107;0
573;121101196;8725000;9696;43166690;0
574;121101197;8725000;9696;107742236;0
575;121101198;8725000;9696;0;0
576;121101199;8725000;9696;0;0
577;121101203;8725000;9696;186541682;0
578;121101210;8725000;9696;41958322;0
579;121101211;8725000;9939;0;0
580;121101216;8725000;9696;0;0
581;121101219;8725000;9696;0;0
582;121101220;8725000;9696;0;0
583;121101227;8725000;9696;0;0
584;121101414;8725000;9696;201901102;0
585;121101417;8725000;9696;0;0
586;121101426;8725000;9696;0;0
587;121101429;8725000;9696;0;0
588;121101431;8725000;9696;0;0
589;121101433;8725000;9696;0;0
590;121101438;8725000;9696;58908866;0
591;121101490;8680000;7515;0;0
592;121101528;8725000;9696;297603322;0
593;121101533;8725000;9696;0;0
594;121101605;8725000;9696;4030015;0
595;121101607;8725000;9696;28708318;0
596;121101608;8725000;9696;0;0
597;121101609;8725000;9696;29013272;0
598;121101610;8725000;9696;12145833;0
599;121101611;8725000;9696;0;0
600;121101616;8725000;9696;9250000;0
601;121101617;8725000;9696;32033292;0
602;121101621;8725000;9696;138239574;0
603;121101623;8725000;9696;26500006;0
604;121101630;8725000;9696;0;0
605;121101632;8725000;9696;2266636;0
606;121101633;8725000;9696;45333278;0
607;121101637;8725000;9696;1033341;0
608;121101648;8725000;9696;0;0
609;121101649;8725000;9696;96610000;0
610;121101650;8725000;11127;163442248;0
611;121101652;8725000;9696;0;0
612;121101655;8725000;9696;0;0
613;121101661;8725000;9696;0;0
614;121101668;8725000;9696;0;0
615;121101669;8725000;9696;0;0
616;121101670;8725000;10424;0;0
617;121101676;8725000;10677;109291686;0
618;121101679;8725000;9696;0;0
619;121101683;8725000;9696;0;0
620;121101689;8725000;10677;55208326;0
621;121101690;8725000;9696;1050000;0
622;121101691;8725000;10677;91393135;0
623;121101692;8725000;9696;105608356;0
624;121101696;8725000;9696;140115612;0
625;121101697;8725000;9696;0;0
626;121101698;8725000;9696;0;0
627;121101703;8725000;9696;0;0
628;121101706;8725000;9696;60555568;0
629;121101707;8725000;9696;0;0
630;121101709;8725000;9696;0;0
631;121101710;8725000;9696;124666702;0
632;121101715;8725000;9696;0;0
633;121101720;8725000;9696;0;0
634;121101721;8680000;7515;0;0
635;121101784;8725000;9696;18133268;0
636;121101792;8725000;9696;0;0
637;121101794;8725000;9696;0;0
638;121101808;8725000;9696;69133308;0
639;121101812;8725000;9696;0;0
640;121101813;8725000;9696;227440000;0
641;121101814;8725000;9696;56226702;0
642;121101816;8725000;9696;0;0
643;121101821;8725000;9696;131658310;0
644;121101826;12510000;25194;237775001;0
645;121112001;12475000;21332;0;0
646;121201015;8665000;7029;17325000;0
647;130110001;12300000;12848;0;0
648;130204004;13200000;12848;605548;0
649;130401014;12300000;12848;0;0
650;130401015;8665000;7029;6720000;0
651;130415001;12230000;9453;315733312;0
652;130501019;12300000;12848;0;0
653;130501024;8650000;6383;5653320;0
654;130501027;8650000;6060;25861064;0
655;130501030;8650000;7515;0;0
656;130501032;12195000;7515;35460591;0
657;130501033;8650000;6060;0;0
658;130603006;24500000;15272;0;0
659;130701009;12125000;3879;0;0
660;130821002;11950000;0;19680592;0
661;130902001;11950000;0;48583324;0
662;131001001;12125000;3879;0;0
663;131001002;12125000;3879;12145829;0
664;131001019;8475000;1939;0;0
665;131001031;8575000;1939;0;0
666;131001037;8575000;1939;221888322;0
667;131001038;8575000;1939;185313312;0
668;131001040;8575000;1939;0;0
669;131001041;8575000;1939;0;0
670;131001046;8575000;1939;0;0
671;131001048;8575000;1939;149665568;0
672;131001050;8575000;1939;42000000;0
673;131001051;8575000;1939;0;0
674;131001053;8575000;1939;0;0
675;131001054;8575000;1939;0;0
676;131001056;8575000;1939;65097232;0
677;131001067;8575000;1939;0;0
678;131101017;8560000;969;169376682;0
679;131101026;8560000;969;0;0
680;131101027;8560000;969;0;0
681;131101029;8560000;969;0;0
682;131101033;8560000;969;23187499;0
683;131101037;8560000;969;124541682;0
684;131101041;8560000;969;0;0
685;131101046;8560000;969;41958322;0
686;131101047;8560000;969;0;0
687;131101053;8560000;969;160353332;0
688;131101054;8560000;969;0;0
689;131101064;8560000;969;17225000;0
690;131101065;8560000;969;0;0
691;131101067;8560000;969;0;0
692;131101071;8560000;969;22083316;0
693;131101077;8560000;969;0;0
694;131101081;8560000;969;0;0
695;131101082;8560000;969;0;0
696;131101084;8560000;969;0;0
697;131101086;8560000;969;0;0
698;131101094;8560000;969;16083333;0
699;131101101;11950000;0;269694460;0
700;131101114;8610000;969;172663604;0
701;131101115;8560000;969;0;0
702;131101124;8560000;969;48583324;0
703;131101128;8560000;969;0;0
704;131101129;8560000;969;0;0
705;131101131;8560000;969;0;0
706;131101134;8560000;969;37847248;0
707;131101137;8560000;969;19680592;0
708;131101138;8560000;969;0;0
709;131101146;8560000;969;12090029;0
710;131101155;8560000;969;0;0
711;131101156;8560000;969;41958322;0
712;131101159;8560000;969;33583294;0
713;131101162;8560000;969;0;0
714;131101163;8560000;969;0;0
715;131101165;8560000;969;44625000;0
716;131101166;8560000;969;78934994;0
717;131101174;8560000;969;99691726;0
718;131101175;8560000;969;40854163;0
719;131101176;8560000;969;123797847;0
720;131101183;8560000;969;1312500;0
721;131101187;8560000;969;184426698;0
722;131101189;8560000;969;0;0
723;131101194;8560000;969;122406686;0
724;131101195;8560000;969;0;0
725;131101198;8560000;969;12495000;0
726;131101202;8560000;969;100135568;0
727;131101203;8560000;969;0;0
728;131101207;8560000;969;0;0
729;131101208;8560000;969;44811096;0
730;131101213;8560000;969;0;0
731;131101217;8560000;969;0;0
732;131101222;8560000;969;49201392;0
733;131101225;8560000;969;0;0
734;131101227;8560000;969;7140000;0
735;131101228;8560000;969;18108331;0
736;131101232;8560000;969;236148892;0
737;131101236;8560000;969;68843925;0
738;131101239;8560000;969;89535573;0
739;131101240;8560000;969;0;0
740;131101249;8560000;969;5449972;0
741;131101252;8560000;969;0;0
742;131101254;8560000;969;24800000;0
743;131101256;8560000;969;100851140;0
744;131101258;8560000;969;0;0
745;131101259;8560000;969;15493056;0
746;131101260;8560000;969;36216669;0
747;131101265;8560000;969;99047221;0
748;131101269;8560000;969;0;0
749;131101270;8560000;969;0;0
750;131101271;8560000;969;0;0
751;131101272;8560000;969;3974987;0
752;131101273;8560000;969;0;0
753;131101278;8560000;969;0;0
754;131101279;8560000;969;0;0
755;131101281;8560000;969;0;0
756;131101285;8560000;969;44811104;0
757;131101286;8560000;969;0;0
758;131101290;8560000;969;67666676;0
759;131101291;8560000;969;6300000;0
760;131101293;8560000;969;45270831;0
761;131101294;8560000;969;25666692;0
762;131101297;8560000;969;23933308;0
763;131101300;8460000;969;224880024;0
764;131101304;8560000;969;0;0
765;131101308;8560000;969;0;0
766;131101309;8560000;969;0;0
767;131101313;8560000;969;46374990;0
768;131101315;8560000;969;60474400;0
769;131101316;8560000;969;29450000;0
770;131101317;8560000;969;8541654;0
771;131101322;8560000;969;0;0
772;131202002;11725000;0;0;0
773;140116001;11650000;0;0;0
774;140401024;8400000;0;276524989;0
775;140501042;8350000;0;1890000;0
776;140609013;11275000;0;0;0
777;140804008;11350000;0;41958322;0
778;140901001;23000000;0;0;0
779;140915003;11275000;0;57132455;0
780;141001020;8150000;0;0;0
781;141001023;8150000;0;56013896;0
782;141001028;8150000;0;48583324;0
783;141001030;8150000;0;49619970;0
784;141001031;8150000;0;0;0
785;141001032;8150000;0;11340000;0
786;141001036;8150000;0;33305584;0
787;141101003;8100000;0;0;0
788;141101006;8100000;0;37847248;0
789;141101007;8100000;0;0;0
790;141101010;8100000;0;0;0
791;141101012;8100000;0;48747198;0
792;141101015;8100000;0;0;0
793;141101018;8100000;0;0;0
794;141101021;8100000;0;0;0
795;141101022;8100000;0;28266680;0
796;141101023;8100000;0;48583324;0
797;141101025;8100000;0;0;0
798;141101027;8100000;0;153313328;0
799;141101032;8100000;0;0;0
800;141101038;8100000;0;64050001;0
801;141101039;8100000;0;0;0
802;141101040;8100000;0;0;0
803;141101043;8100000;0;0;0
804;141101046;8100000;0;0;0
805;141101049;8100000;0;1575000;0
806;141101053;8100000;0;0;0
807;141101055;8100000;0;31973312;0
808;141101057;8100000;0;76782296;0
809;141101058;8100000;0;0;0
810;141101077;8100000;0;28708318;0
811;141101078;8100000;0;1104163;0
812;141101081;8100000;0;5449972;0
813;141101085;8100000;0;41230000;0
814;141101089;8100000;0;60555568;0
815;141101103;8100000;0;0;0
816;141103001;14300000;0;0;0
817;141103004;11125000;0;0;0
818;141103006;11125000;0;232380576;0
819;141201004;8050000;0;0;0
820;141201007;11275000;0;48583324;0
821;141201008;8050000;0;1050000;0
822;141201012;8050000;0;95160000;0
823;141201013;8050000;0;67080576;0
824;141201014;8050000;0;182062240;0
825;141201016;8050000;0;0;0
826;141201018;8050000;0;0;0
827;141201023;8050000;0;47233331;0
828;141201025;8050000;0;0;0
829;141201026;8050000;0;0;0
830;141201027;8050000;0;15458318;0
831;141201028;8050000;0;0;0
832;150102082;8000000;0;0;0
833;150112001;10975000;0;0;0
834;150211002;10900000;0;0;0
835;150211003;10900000;0;19215000;0
836;150302002;10825000;0;0;0
837;150302012;11050000;0;0;0
838;150302015;7900000;0;0;0
839;150302019;7900000;0;6562500;0
840;150302020;7900000;0;0;0
841;150302023;7900000;0;27206672;0
842;150302026;7900000;0;0;0
843;150402003;7850000;0;0;0
844;150502005;7800000;0;0;0
845;150502006;7800000;0;56013904;0
846;150502009;7800000;0;137957804;0
847;150504002;10675000;0;33920000;0
848;150603002;10825000;0;530000;0
849;150615001;13600000;0;0;0
850;150902004;7600000;0;0;0
851;150902006;7600000;0;0;0
852;150902007;7600000;0;33305584;0
853;150902009;7600000;0;0;0
854;150902011;10600000;0;1104163;0
855;150902012;7600000;0;0;0
856;150902014;10375000;0;0;0
857;150902015;10375000;0;0;0
858;151001052;11200000;0;0;0
859;151002004;7550000;0;0;0
860;151002006;7550000;0;0;0
861;151201030;10150000;0;15138928;0
862;151202004;7450000;0;5520827;0
863;151202005;7450000;0;0;0
864;151202006;7450000;0;0;0
865;151202009;7450000;0;11846661;0
866;151202010;7450000;0;23187499;0
867;151202012;7450000;0;0;0
868;151202013;7450000;0;0;0
869;151202015;7450000;0;40854163;0
870;151202016;7450000;0;0;0
871;151202018;7450000;0;0;0
872;160104001;10000000;0;141873347;0
873;160201018;9550000;0;1589987;0
874;160202001;7350000;0;0;0
875;160302001;7300000;0;0;0
876;160302002;7300000;0;1453348;0
877;160302003;7300000;0;706663;0
878;160302004;7300000;0;0;0
879;160302005;7300000;0;60555568;0
880;160302007;7300000;0;65676692;0
881;160302009;7300000;0;0;0
882;160302011;7300000;0;5520827;0
883;160402002;7200000;0;0;0
884;160402005;7200000;0;1287497;0
885;160402006;7200000;0;29183331;0
886;160402008;7200000;0;0;0
887;160402009;7200000;0;0;0
888;160402011;7200000;0;11812500;0
889;160402012;7200000;0;0;0
890;160402014;7200000;0;42000000;0
891;160502001;7100000;0;27560000;0
892;160502003;7100000;0;15744408;0
893;160502005;7100000;0;0;0
894;160502008;7100000;0;13322208;0
895;160502012;9400000;0;0;0
896;160502018;9400000;0;85878306;0
897;160502022;18800000;0;0;0
898;160510001;9400000;0;0;0
899;160601032;9250000;0;0;0
900;160601048;8950000;0;19534993;0
901;160602001;7000000;0;0;0
902;160702001;6900000;0;12016672;0
903;160702002;6900000;0;1312500;0
904;160713003;8950000;0;0;0
905;160713004;8950000;0;0;0
906;160801036;8950000;0;0;0
907;160801037;8800000;0;0;0
908;160802001;6800000;0;68077481;0
909;160902002;6700000;0;0;0
910;160902005;6700000;0;45695000;0
911;160902008;6700000;0;0;0
912;161002002;6500000;0;0;0
913;161002003;6500000;0;4416673;0
914;161002004;6500000;0;4858327;0
915;161003002;6500000;0;0;0
916;161003020;17000000;0;0;0
917;161010001;17300000;0;0;0
918;161017001;8650000;0;0;0
919;161101035;8500000;0;0;0
920;161102001;6500000;0;24255000;0
921;161201028;8350000;0;0;0
922;161202002;6400000;0;0;0
923;161202003;8800000;0;3874985;0
924;161202004;6400000;0;35700000;0
925;161202005;6400000;0;0;0
926;161202006;6400000;0;100446680;0
927;161202007;6400000;0;22083316;0
928;161202008;6400000;0;1104163;0
929;161202009;6400000;0;22966682;0
930;161202010;6400000;0;3312493;0
931;161202011;6400000;0;28560000;0
932;161202012;6400000;0;0;0
933;161202015;6400000;0;0;0
934;161202017;6400000;0;1104163;0
935;161202018;6400000;0;24291662;0
936;161202019;6400000;0;65027500;0
937;161202020;6400000;0;42388912;0
938;161202021;6400000;0;0;0
939;161202022;6400000;0;0;0
940;161202024;6400000;0;0;0
941;161202025;6400000;0;0;0
942;170102004;8200000;0;0;0
943;170201015;16100000;0;0;0
944;170201019;8050000;0;0;0
945;170202001;6200000;0;840000;0
946;170202002;6200000;0;28763920;0
947;170202003;6200000;0;23187499;0
948;170202004;6200000;0;0;0
949;170202005;6200000;0;0;0
950;170202008;6200000;0;38062500;0
951;170202010;6200000;0;0;0
952;170202011;6200000;0;3937500;0
953;170206014;16100000;0;0;0
954;170220001;15800000;0;0;0
955;170301065;7900000;0;4291669;0
956;170301066;7750000;0;0;0
957;170302001;6100000;0;0;0
958;170302003;6100000;0;0;0
959;170402002;6000000;0;0;0
960;170402003;6000000;0;35333320;0
961;170402004;6000000;0;0;0
962;170403011;6000000;0;23011080;0
963;170410007;15500000;0;0;0
964;170502004;8050000;0;63996654;0
965;170502006;5900000;0;0;0
966;170502007;5900000;0;50166686;0
967;170602001;5800000;0;24680556;0
968;170602003;5800000;0;22083316;0
969;170602004;5800000;0;14840000;0
970;170602007;5800000;0;0;0
971;170605014;7450000;0;0;0
972;170605015;14300000;0;0;0
973;170605016;14900000;0;0;0
974;170619002;7450000;0;69336694;0
975;170703002;5600000;0;23383333;0
976;170703018;7750000;0;19680592;0
977;170706001;7300000;0;0;0
978;170717001;14600000;0;0;0
979;170724001;14300000;0;0;0
980;170801032;7150000;0;12366682;0
981;170801034;14300000;0;0;0
982;170802001;5600000;0;0;0
983;170802005;5600000;0;0;0
984;170802008;5600000;0;46930576;0
985;170807001;9000000;0;180966669;0
986;170814001;7150000;0;60420827;0
987;170902001;5500000;0;0;0
988;170902003;5500000;0;0;0
989;170904082;7000000;0;0;0
990;170904083;7000000;0;0;0
991;170904092;5500000;0;32254432;0
992;171002001;7300000;0;0;0
993;171002002;5400000;0;0;0
994;171101078;13400000;0;0;0
995;171102001;7000000;0;0;0
996;171102004;5300000;0;54880000;0
997;171102006;5300000;0;0;0
998;171102007;7150000;0;0;0
999;171120001;13400000;0;0;0
1000;171202001;5200000;0;0;0
1001;171202003;5200000;0;0;0
1002;171202004;5200000;0;51472240;0
1003;171202006;5200000;0;0;0
1004;171202007;5200000;0;0;0
1005;171202008;5200000;0;0;0
1006;171202009;5200000;0;1635000;0
1007;171202010;5200000;0;25935000;0
1008;171219001;13100000;0;0;0
1009;180102002;5100000;0;945000;0
1010;180102003;5100000;0;0;0
1011;180102004;5100000;0;0;0
1012;180102011;6250000;0;0;0
1013;180102015;6250000;0;0;0
1014;180108001;12400000;0;0;0
1015;180115001;12400000;0;0;0
1016;180201034;6000000;0;21200000;0
1017;180202001;5000000;0;0;0
1018;180202002;5000000;0;0;0
1019;180202004;5000000;0;41580000;0
1020;180202005;5000000;0;13230000;0
1021;180202006;5000000;0;5250000;0
1022;180202007;5000000;0;12145833;0
1023;180202009;6700000;0;0;0
1024;180205001;12000000;0;0;0
1025;180212002;12000000;0;0;0
1026;180302001;4900000;0;15900000;0
1027;180302002;4900000;0;0;0
1028;180302003;4900000;0;0;0
1029;180302004;4900000;0;0;0
1030;180302005;4900000;0;0;0
1031;180302006;4900000;0;8505000;0
1032;180302009;4900000;0;0;0
1033;180302010;4900000;0;24237499;0
1034;180302012;4900000;0;0;0
1035;180302014;4900000;0;0;0
1036;180305001;5700000;0;0;0
1037;180307002;4900000;0;945000;0
1038;180307003;4900000;0;0;0
1039;180307004;4900000;0;8925000;0
1040;180316001;12000000;0;0;0
1041;180402002;6250000;0;0;0
1042;180402005;4700000;0;0;0
1043;180402006;4700000;0;0;0
1044;180402007;4700000;0;22647760;0
1045;180402008;5800000;0;0;0
1046;180402009;5800000;0;0;0
1047;180402010;5800000;0;0;0
1048;180402016;4700000;0;0;0
1049;180402019;4700000;0;45570000;0
1050;180402021;4700000;0;0;0
1051;180502010;4500000;0;0;0
1052;180502011;5600000;0;0;0
1053;180502033;4500000;0;0;0
1054;180502035;4500000;0;41958322;0
1055;180502037;4500000;0;0;0
1056;180502039;4500000;0;23496678;0
1057;180502041;4500000;0;0;0
1058;180502042;4500000;0;0;0
1059;180502045;4500000;0;0;0
1060;180502051;4500000;0;0;0
1061;180502054;4500000;0;0;0
1062;180502056;4200000;0;0;0
1063;180502059;5600000;0;0;0
1064;180502060;12000000;0;0;0
1065;180502061;11050000;0;0;0
1066;180602001;4500000;0;0;0
1067;180602002;4500000;0;30240000;0
1068;180602003;4500000;0;0;0
1069;180602004;4500000;0;24570000;0
1070;180602005;4500000;0;0;0
1071;180702020;10400000;0;53666684;0
1072;180702023;3750000;0;26337499;0
1073;180709007;10400000;0;0;0
1074;180718001;6500000;0;0;0
1075;180802002;4200000;0;0;0
1076;180802003;4200000;0;49583337;0
1077;180802004;4200000;0;0;0
1078;180802006;4200000;0;4725000;0
1079;180802009;4200000;0;0;0
1080;180802010;4200000;0;0;0
1081;180802011;4200000;0;0;0
1082;180804001;4200000;0;0;0
1083;180804002;4200000;0;0;0
1084;180823002;6000000;0;0;0
1085;180903008;3600000;0;16779000;0
1086;180903009;3600000;0;14700000;0
1087;180903012;3600000;0;0;0
1088;180903014;3600000;0;0;0
1089;180903015;3600000;0;0;0
1090;180903027;9600000;0;0;0
1091;180903029;4150000;0;32130000;0
1092;180903033;4150000;0;0;0
1093;180914001;9200000;0;0;0
1094;181001003;4600000;0;0;0
1095;181001004;3450000;0;0;0
1096;181001008;3450000;0;0;0
1097;181002002;3900000;0;0;0
1098;181002004;3900000;0;0;0
1099;181003001;3900000;0;16870833;0
1100;181003002;3900000;0;32595000;0
1101;181101001;4400000;0;0;0
1102;181101052;4400000;0;20140000;0
1103;181101063;3300000;0;0;0
1104;181101064;3300000;0;0;0
1105;181102001;3750000;0;0;0
1106;181102002;3750000;0;0;0
1107;181102003;3750000;0;0;0
1108;181102007;3750000;0;0;0
1109;181102009;3750000;0;0;0
1110;181102012;3750000;0;0;0
1111;181102014;3750000;0;0;0
1112;181102017;3750000;0;0;0
1113;181104001;3750000;0;0;0
1114;181104003;3750000;0;30240000;0
1115;181104004;3750000;0;0;0
1116;181104006;3750000;0;0;0
1117;181105001;8800000;0;0;0
1118;181108002;3300000;0;0;0
1119;181203005;3200000;0;0;0
1120;181203006;3200000;0;0;0
1121;181205001;3200000;0;0;0
1122;190101155;4600000;0;0;0
1123;190102001;3450000;0;31185000;0
1124;190102003;3450000;0;0;0
1125;190102005;3450000;0;8755000;0
1126;190103002;4000000;0;0;0
1127;190202007;3300000;0;0;0
1128;190202008;3300000;0;0;0
1129;190202009;3300000;0;0;0
1130;190211003;3200000;0;0;0
1131;190211005;3200000;0;0;0
1132;190211007;3200000;0;0;0
1133;190211009;7600000;0;0;0
1134;190218001;3800000;0;0;0
1135;190301003;3600000;0;0;0
1136;190301058;7200000;0;0;0
1137;190301060;7200000;0;0;0
1138;190301061;3800000;0;0;0
1139;190302003;2850000;0;0;0
1140;190302004;2850000;0;0;0
1141;190302005;2850000;0;0;0
1142;190302006;2850000;0;12495000;0
1143;190302007;2850000;0;0;0
1144;190302008;2850000;0;0;0
1145;190302009;2850000;0;0;0
1146;190302012;2850000;0;0;0
1147;190302013;2850000;0;30240000;0
1148;190302014;2850000;0;0;0
1149;190303001;2850000;0;24570000;0
1150;190304001;2850000;0;0;0
1151;190304002;2850000;0;30240000;0
1152;190304003;3600000;0;0;0
1153;190304004;3600000;0;0;0
1154;190304006;3600000;0;0;0
1155;190318001;3600000;0;0;0
1156;190401063;2800000;0;0;0
1157;190401064;2800000;0;0;0
1158;190423001;2800000;0;0;0
1159;190502006;2700000;0;0;0
1160;190502014;1200000;0;0;0
1161;190502030;6400000;0;0;0
1162;190502045;2850000;0;0;0
1163;190502047;2850000;0;0;0
1164;190502049;2850000;0;0;0
1165;190502050;2600000;0;0;0
1166;190503001;2850000;0;0;0
1167;190514001;2600000;0;0;0
1168;190602001;2700000;0;0;0
1169;190602002;2700000;0;0;0
1170;190602004;2700000;0;0;0
1171;190801033;5200000;0;0;0
1172;190802002;2400000;0;0;0
1173;190802003;2400000;0;8505000;0
1174;190802004;2400000;0;0;0
1175;190802006;2400000;0;0;0
1176;190802007;2400000;0;0;0
1177;190803001;2400000;0;0;0
1178;190821001;2000000;0;0;0
1179;190902002;3000000;0;0;0
1180;190902003;3000000;0;0;0
1181;190902019;2400000;0;0;0
1182;190909002;4800000;0;0;0
1183;191001065;4400000;0;0;0
1184;191001067;2750000;0;0;0
1185;191001076;4400000;0;0;0
1186;191001105;1650000;0;0;0
1187;191002002;2100000;0;0;0
1188;191002003;2100000;0;0;0
1189;191002004;2100000;0;0;0
1190;191101038;2000000;0;0;0
1191;191101039;2500000;0;0;0
1192;191102001;1950000;0;0;0
1193;191102002;1950000;0;0;0
1194;191102003;1950000;0;0;0
1195;191102004;1950000;0;0;0
1196;191102005;1950000;0;0;0
1197;191102006;1950000;0;0;0
1198;191102007;1950000;0;0;0
1199;191103001;1950000;0;0;0
1200;191104001;1950000;0;0;0
1201;191104003;2000000;0;0;0
1202;191111001;2000000;0;0;0
1203;191111003;2500000;0;0;0
1204;191120001;4000000;0;0;0
1205;191201030;3600000;0;0;0
1206;191202001;1800000;0;0;0
1207;191202003;1800000;0;0;0
1208;191202004;1800000;0;0;0
1209;191203001;3600000;0;0;0
1210;191209001;1800000;0;0;0
1211;200101014;2200000;0;0;0
1212;200101016;2200000;0;0;0
1213;200101017;2200000;0;0;0
1214;200101018;2200000;0;0;0
1215;200101034;2200000;0;0;0
1216;200101035;2200000;0;0;0
1217;200101037;2200000;0;0;0
1218;200101038;2200000;0;0;0
1219;200101039;2200000;0;0;0
1220;200101143;2200000;0;0;0
1221;200102001;1650000;0;0;0
1222;200102002;1650000;0;0;0
1223;200102003;1650000;0;0;0
1224;200102004;1650000;0;0;0
1225;200104001;1650000;0;0;0
1226;200106019;1200000;0;0;0
1227;200106022;1200000;0;0;0
1228;200203001;2000000;0;0;0
1229;200203002;1500000;0;0;0
1230;200203003;2000000;0;0;0
1231;200203004;1500000;0;0;0
1232;200203013;1200000;0;0;0
1233;200203039;1500000;0;0;0
1234;200302006;1500000;0;0;0
1235;200302008;1350000;0;0;0
1236;200302009;1350000;0;0;0
1237;200302010;1350000;0;0;0
1238;200302011;1350000;0;0;0
1239;200302012;1350000;0;0;0
1240;200302013;1800000;0;0;0
1241;200302015;1350000;0;0;0
1242;200302017;1350000;0;0;0
1243;200304001;1350000;0;0;0
1244;200309001;1200000;0;0;0
1245;200309002;1200000;0;0;0
1246;200309010;900000;0;0;0
1247;200401083;2000000;0;0;0
1248;200402001;900000;0;0;0
1249;200402002;900000;0;0;0
1250;200402003;900000;0;0;0
1251;200402004;900000;0;0;0
1252;200402005;900000;0;0;0
1253;200402006;900000;0;0;0
1254;200402007;900000;0;0;0
1255;200402008;900000;0;0;0
1256;200402009;900000;0;0;0
1257;200402010;900000;0;0;0
1258;200402011;900000;0;0;0
1259;200402012;900000;0;0;0
1260;200402013;900000;0;0;0
1261;200406001;2000000;0;0;0
1262;200413001;1000000;0;0;0
1263;200420001;2000000;0;0;0
1264;200502001;900000;0;0;0
1265;200502002;900000;0;0;0
1266;200502003;900000;0;0;0
1267;200502008;900000;0;0;0
1268;200504001;900000;0;0;0
1269;200504002;900000;0;0;0
1270;200504003;900000;0;0;0
1271;200504004;900000;0;0;0
1272;200504005;900000;0;0;0
1273;200504006;900000;0;0;0
1274;200504007;900000;0;0;0
1275;200504008;900000;0;0;0
1276;200504009;900000;0;0;0
1277;200504020;600000;0;0;0
1278;200504025;600000;0;0;0
1279;200610001;600000;0;0;0
1280;200701052;400000;0;0;0
1281;200702003;750000;0;0;0
1282;200702004;750000;0;0;0
1283;200702005;750000;0;0;0
1284;200702006;750000;0;0;0
1285;200702007;750000;0;0;0
1286;200702008;1000000;0;0;0
1287;200706001;400000;0;0;0
1288;200713001;500000;0;0;0
1289;200713003;400000;0;0;0
1290;200802001;450000;0;0;0
1291;200802002;450000;0;0;0
1292;200802003;450000;0;0;0
1293;200802005;450000;0;0;0
1294;200802006;450000;0;0;0
1295;200802007;450000;0;0;0
1296;200802008;450000;0;0;0
1297;200802009;450000;0;0;0
1298;200802011;450000;0;0;0
1299;200802012;450000;0;0;0
1300;200802013;450000;0;0;0
1301;200802014;450000;0;0;0
1302;200802015;450000;0;0;0
1303;200802016;450000;0;0;0
1304;200802017;450000;0;0;0
1305;200802018;450000;0;0;0
1306;200802019;450000;0;0;0
1307;200802020;450000;0;0;0
1308;200802021;450000;0;0;0
1309;200802022;450000;0;0;0
1310;200802023;450000;0;0;0
1311;200802024;450000;0;0;0
1312;200802025;450000;0;0;0
1313;200802026;450000;0;0;0
1314;200803001;400000;0;0;0
1315;201002001;400000;0;0;0
1316;201002005;300000;0;0;0
1317;201002006;300000;0;0;0
1318;201002007;300000;0;0;0
1319;201002008;300000;0;0;0
1320;201002009;300000;0;0;0
1321;201002010;300000;0;0;0
1322;201002011;300000;0;0;0
1323;201002012;300000;0;0;0
1324;201002013;300000;0;0;0
1325;201002014;300000;0;0;0
1326;201002015;300000;0;0;0
1327;201002016;300000;0;0;0
1328;201002017;300000;0;0;0
1329;201002018;300000;0;0;0
1330;201002019;400000;0;0;0
1331;201002020;300000;0;0;0
1332;201002021;300000;0;0;0
1333;201002022;300000;0;0;0
1334;201002023;300000;0;0;0
1335;201002024;300000;0;0;0
1336;201002025;300000;0;0;0
1337;201002026;300000;0;0;0
1338;201002027;300000;0;0;0
1339;201002028;400000;0;0;0
1340;201102001;150000;0;0;0
1341;201102002;150000;0;0;0
1342;201102003;150000;0;0;0
1343;201102004;150000;0;0;0
1344;201102005;150000;0;0;0
1345;201102006;150000;0;0;0
1346;201102007;150000;0;0;0
1347;201102008;150000;0;0;0
1348;201102010;150000;0;0;0
1349;201102011;150000;0;0;0
1350;851212331;19220000;2413363;0;0
1351;860924031;15365000;1988198;33911088;0
1352;870707331;15375000;2013622;0;0
1353;890301001;16270000;2387001;0;0
1354;890715031;15370000;2468929;450560000;0
1355;900901020;33735000;4920859;0;0
1356;900901031;33405000;4860799;0;0
1357;900901332;33595000;4812122;0;0
1358;900910001;33735000;4917938;0;0
1359;901201001;9365000;273307;0;0
1360;910117031;15120000;1846539;218677776;0
1361;910124001;14315000;870838;70502106;0
1362;910418031;16265000;1982870;0;0
1363;910429331;29685000;3505149;0;0
1364;910601031;16270000;2019852;398772872;0
1365;910603031;9785000;953149;38062500;0
1366;910819331;19825000;2167363;0;0
1367;910901033;29545000;1857059;72026752;0
1368;910911031;15370000;2354036;449244416;0
1369;911001031;33680000;5511112;0;0
1370;911001882;16270000;2015734;0;0
1371;911103031;33735000;4902861;0;0
1372;911105331;9785000;789243;0;0
1373;911115331;35410000;7691122;0;0
1374;911202881;9785000;961838;0;0
1375;911204881;15370000;1973668;102200000;0
1376;920101032;9785000;892301;4725000;0
1377;920101035;15370000;1955892;0;0
1378;920101036;9785000;890345;0;0
1379;920117001;15370000;2053249;318244472;0
1380;920120032;9785000;924745;211200000;0
1381;920123033;9365000;347253;108238911;0
1382;920127001;29670000;3628276;0;0
1383;920201031;21150000;4195011;0;0
1384;920201032;20545000;3451169;1040355560;0
1385;920201033;19240000;2833859;1001173266;0
1386;920203881;33620000;4889862;2253916678;0
1387;920205032;14935000;1602486;11812500;0
1388;920206032;29255000;4826213;0;0
1389;920207332;15115000;1912672;717111114;0
1390;920210333;9785000;842605;104815266;0
1391;920217631;16285000;1194847;0;0
1392;920217632;30300000;3518599;0;0
1393;920229882;9735000;1141993;291253470;0
1394;920301001;34635000;6159564;0;0
1395;920316334;9785000;836795;0;0
1396;920320331;9785000;786196;0;0
1397;920323331;14795000;1406260;112347238;0
1398;920323337;9785000;786196;0;0
1399;920323344;9785000;931843;28763920;0
1400;920324331;9785000;914539;196544442;0
1401;920325332;9785000;940219;0;0
1402;920401003;30910000;1702573;0;0
1403;920401033;15775000;2769760;0;0
1404;920401034;9785000;807531;17666684;0
1405;920415634;14255000;1184002;23011080;0
1406;920415639;14045000;874222;0;0
1407;920415643;14255000;941706;0;0
1408;920415644;14255000;1029866;354666696;0
1409;920415650;14615000;1567605;0;0
1410;920415651;9785000;790409;0;0
1411;920420635;16270000;2907110;312383391;0
1412;920420636;14255000;941706;0;0
1413;920501033;10985000;924571;225361132;0
1414;920501633;9785000;1007008;330091662;0
1415;920501635;14255000;1054899;90513889;0
1416;920501638;13805000;1144621;0;0
1417;920501642;9785000;867470;188019958;0
1418;920501646;19468000;2087550;33600000;0
1419;920501783;18650000;1670704;1869732390;0
1420;920501884;13955000;1098428;0;0
1421;920501891;13953000;1322278;498264717;0
1422;920504337;15995000;1235024;0;0
1423;920504638;11635000;796268;2208327;0
1424;920504639;9785000;878721;0;0
1425;920504640;9785000;962235;10600000;0
1426;920504641;14253000;998471;2625000;0
1427;920504642;14255000;1000500;0;0
1428;920504643;9735000;785697;181766684;0
1429;920504644;14045000;1137297;690666688;0
1430;920504645;9783000;923055;0;0
1431;920504646;9785000;909198;28266680;0
1432;920507031;33745000;4810876;0;0
1433;920511031;9685000;786696;0;0
1434;920511632;9785000;787098;0;0
1435;920511633;9785000;818085;0;0
1436;920511882;9785000;785697;0;0
1437;920512335;11635000;1106954;709674963;0
1438;920512338;9785000;926351;234986204;0
1439;920515001;9785000;850166;89677850;0
1440;920515633;11485000;810109;473600000;0
1441;920515635;14253000;1271116;635166694;0
1442;920601332;33545000;4652705;0;0
1443;920601334;33745000;4808380;0;0
1444;920604333;9785000;873700;0;0
1445;920604631;11635000;832557;0;0
1446;920605631;33605000;4792319;0;0
1447;920605632;9785000;942313;60555568;0
1448;920606631;9785000;1012977;0;0
1449;920608882;9785000;809469;383180576;0
1450;920610031;9785000;1133471;308173302;0
1451;920611636;9785000;871512;0;0
1452;920611640;14255000;1335628;218587222;0
1453;920613633;9790000;900566;0;0
1454;920613634;9785000;995411;525653320;0
1455;920613636;10985000;793773;0;0
1456;920613642;9785000;1007030;471766684;0
1457;920615034;9785000;920968;0;0
1458;920615051;15370000;2323568;28600000;0
1459;920615332;9785000;893483;0;0
1460;920615634;14773000;1272413;15986668;0
1461;920616634;9785000;791397;21315000;0
1462;920622033;15370000;2115019;664693294;0
1463;920624031;9783000;703660;0;0
1464;920701034;21150000;3870640;1386685277;0
1465;920701038;9785000;786196;0;0
1466;920701631;9785000;1039899;50981740;0
1467;920701643;9785000;988139;0;0
1468;920701649;9783000;794619;0;0
1469;920701655;11485000;861131;90666712;0
1470;920703632;9785000;987546;25857221;0
1471;920703636;9785000;942607;0;0
1472;920703640;9785000;989945;0;0
1473;920703644;9785000;867110;0;0
1474;920703882;9785000;1161416;48583324;0
1475;920704881;9785000;1038009;5100000;0
1476;920709001;9785000;909133;0;0
1477;920709634;9785000;785301;16999985;0
1478;920709636;11485000;865042;0;0
1479;920709643;9785000;794431;0;0
1480;920709647;14255000;1310383;542620061;0
1481;920709882;14210000;725691;330136162;0
1482;920713032;9785000;789640;0;0
1483;920713033;9685000;809947;194666580;0
1484;920713034;9780000;940374;66880000;0
1485;920715034;18565000;1970088;41958322;0
1486;920715036;9785000;1159651;269694460;0
1487;920715039;33720000;7286804;547777800;0
1488;920715637;14255000;1413009;296160254;0
1489;920716031;16570000;2365372;46542184;0
1490;920716034;14935000;1496855;252886076;0
1491;920717035;9785000;791155;46666688;0
1492;920720036;9785000;1258218;768106676;0
1493;920720041;9785000;1027243;344865825;0
1494;920720045;9780000;885262;182250067;0
1495;920720781;16270000;2261980;0;0
1496;920720883;15212000;2078661;262933300;0
1497;920723034;18570000;2294955;408377782;0
1498;920723044;15365000;2635814;0;0
1499;920724035;15365000;1988013;0;0
1500;920727035;15365000;2016936;120500000;0
1501;920727038;9785000;953544;245816606;0
1502;920729032;15365000;2261537;68450000;0
1503;920801039;9785000;790333;0;0
1504;920801632;9785000;785697;0;0
1505;920803034;15355000;2362345;202085122;0
1506;920803882;14715000;957305;337066734;0
1507;920806331;9785000;981738;218176722;0
1508;920810631;14210000;1361783;533394452;0
1509;920810883;9385000;271639;199266682;0
1510;920811031;9780000;871159;2650007;0
1511;920813331;9785000;1031894;91299986;0
1512;920818036;9785000;698098;0;0
1513;920818049;9785000;789640;0;0
1514;920818882;9785000;958173;0;0
1515;920821032;13800000;1001247;1987513;0
1516;920821631;9785000;966858;16107770;0
1517;920825331;16570000;2158934;29715000;0
1518;920825634;9785000;862677;58666772;0
1519;920827331;19445000;3001453;0;0
1520;920828034;9785000;878085;59733232;0
1521;920901035;9785000;890434;0;0
1522;920901046;9785000;741255;0;0
1523;920902037;19000000;2420867;30222304;0
1524;920902047;11635000;882687;0;0
1525;920902049;9785000;789640;0;0
1526;920902881;27910000;2242232;0;0
1527;920914631;13955000;935276;180100014;0
1528;920914633;9780000;803011;35333320;0
1529;920914881;9783000;785596;0;0
1530;920923033;19000000;2471554;0;0
1531;920924033;10085000;1076851;93866772;0
1532;921001036;14360000;626392;0;0
1533;921001042;9785000;823840;5520827;0
1534;921001631;13955000;1215731;107222248;0
1535;921005031;9785000;790343;0;0
1536;921012881;21075000;4936833;574732288;0
1537;921013035;15365000;2616650;984533308;0
1538;921013040;9785000;1049179;233285000;0
1539;921019031;10180000;753999;9937487;0
1540;921019331;9785000;806506;0;0
1541;921022031;14405000;909806;1653341;0
1542;921101033;15370000;2249016;247527796;0
1543;921109632;9785000;970999;0;0
1544;921109634;9785000;795292;0;0
1545;921111036;9785000;800853;22083316;0
1546;921111040;9785000;789243;0;0
1547;921111633;9785000;992103;3150000;0
1548;921113335;9785000;926730;42840000;0
1549;921114635;9785000;808335;0;0
1550;921119636;9785000;924468;0;0
1551;921126632;9785000;774501;0;0
1552;921127631;14240000;1299679;263498380;0
1553;921127636;9785000;1137274;43460000;0
1554;921201331;15370000;2004494;0;0
1555;921201631;9785000;809663;44416663;0
1556;921209032;9785000;1226199;0;0
1557;921217636;14255000;950005;48583324;0
1558;921217637;13955000;856679;0;0
1559;921217882;9785000;1053023;309277744;0
1560;930101002;14195000;521646;0;0
1561;930106031;9780000;464660;103700000;0
1562;930109631;11485000;977652;0;0
1563;930109632;9785000;1091387;258666722;0
1564;930114631;9785000;1119842;61356895;0
1565;930114632;11485000;933277;0;0
1566;930118031;15045000;1527326;328038924;0
1567;930119036;15370000;1965785;0;0
1568;930119048;9785000;945288;42311040;0
1569;930119632;14255000;1205398;355200000;0
1570;930125631;9785000;839583;0;0
1571;930127032;9785000;1106724;0;0
1572;930127034;9780000;788402;0;0
1573;930127036;9785000;789640;0;0
1574;930127881;9785000;885504;0;0
1575;930201032;15199000;2121539;365039564;0
1576;930201631;9785000;852406;60783322;0
1577;930208632;14775000;1500585;0;0
1578;930208634;12685000;840005;0;0
1579;930211038;14390000;757308;0;0
1580;930215001;34510000;5965520;0;0
1581;930222632;9785000;787518;0;0
1582;930401001;9365000;192162;0;0
1583;930408032;9785000;806314;47092500;0
1584;930414033;9835000;781949;142135570;0
1585;930414035;9785000;875726;28708318;0
1586;930419031;9785000;790333;0;0
1587;930419032;15370000;2206766;0;0
1588;930419043;9785000;881777;59733232;0
1589;930421632;9785000;862013;0;0
1590;930423038;9785000;1096407;221023270;0
1591;930501637;9785000;931836;11812500;0
1592;930501638;9785000;857919;0;0
1593;930501642;9785000;852018;0;0
1594;930501644;9785000;820258;0;0
1595;930504001;14195000;522834;0;0
1596;930504031;9785000;789640;0;0
1597;930514633;11485000;785697;0;0
1598;930514636;9780000;860885;853333320;0
1599;930515001;29070000;1062785;17666660;0
1600;930527032;15045000;1781915;0;0
